path	bytes	sha256
eval_armA_residual_step100.json	9748511	d4bb7a6430fa2efe03513345e73874daacad1fa7b4a561e57cd83985e34aa02e
eval_armB_surface_step100.json	10570527	186e552f14843b4f4a5e03a521c5228842bbb0fca718c6558c0dbd985bb8a50f
eval_armRaw_step100.json	9106920	a1723bfc36a004b105b39e9bfd4a8ec7837e65467edcbc3c7d6f57d64e51d209
eval_c_outcome_FIXEDSTOP_n500.json	9866538	b2f866390eb9504510eada76846e7b88139cc32066ec3852f4d68c4077ff59e5
eval_c_outcome_temp1_asingh_300.json	5495228	3d1523c6c3149d5412a9d95dcc7f18634bf5e4d24874f26a4a725252ea897762
eval_c_sft_FIXEDSTOP_n500.json	9533055	2908c4091626f92ef48be91914194596493cb848cda5a7dcc6ecbd02459794d8
eval_runA_postRL_n500.json	20507095	1021682548e4573cc57675b2d7ca0ea3415608334c32b06a888244a51b8b886c
eval_runB_armprotocol_step100.json	10687008	b931654b81d2edb42776aaf9aba573430d41f9a56d2db1f7237a925ad00f83f9
eval_runB_postRL_n500.json	20914639	da9fbc88ccd4dc38a43d937f1053897b0b5fd2f6ce15d0c1c260547890e765c0
extension/cache/probe_cache_n500_clean406/C_SFT_l16_pre_answer.meta.json	303866	5bbab52bf24d6985582b658902edaca5592a59fa35272c8311bf2d6f1de55516
extension/cache/probe_cache_n500_clean406/C_SFT_l16_pre_answer.npz	9750552	25b45b54245f356c923e65b76e956fea08c5058d3d4e4161ff82ce3fb8b136c0
extension/cache/probe_cache_n500_clean406/C_outcome_l16_pre_answer.meta.json	329103	03df3a11e281b2c9e7df511dea0a72793ee2a139b5200bad9ea39befb237b408
extension/cache/probe_cache_n500_clean406/C_outcome_l16_pre_answer.npz	10543633	4fff21520776f7a05bacb779b00fdd6403e51ba64ef32a0f1bbd0a21c8c4994c
extension/cache/steering/probe_pipeline_C_outcome_l16_pre_answer.pkl	29760	f92793005a60e3fa90ea8c9e50033e787d81e1656142ff0e28a857af48b2b94d
extension/cache/steering/probe_pipeline_C_outcome_l16_pre_answer_temp1.pkl	29760	dacccbb04eb688cc6ebfdcdb340db6408bb332dbd15600b621ec4f943a03af31
followup/acts/phase0_harvest_runA/0/16.npy	11526272	49dc152045a6395f9fdd82881cb8abfc139e998c87e0f666d4d707966e0b828e
followup/acts/phase0_harvest_runA/0/labels.parquet	34439	1b3ff19a78e553978464a1eb88318b49cb2bb470de878466cc4ba376fe14de1a
followup/acts/phase0_harvest_runA/10/16.npy	11626624	c2a59c998529a89d50e1708103b47d6f8bd699892a93782df57d9ab4cc839474
followup/acts/phase0_harvest_runA/10/labels.parquet	34026	30c5b30414cfb0462ee929c0dec530510ad1cf2a3def585329093b183f11d983
followup/acts/phase0_harvest_runA/20/16.npy	11630208	cd8e607d73487531e4ba0dfa6e4da63c0590f88b9de7b51fcf688d7dea7370be
followup/acts/phase0_harvest_runA/20/labels.parquet	34020	66980d892e9e4fab3ac4d56e00198abaf39f3ffd4b50a66d64d635741869e230
followup/acts/phase0_harvest_runA/30/16.npy	11619456	7197dbeb54c0150cb885d1c08dfa8cc0236196c7a1a9cc7e5feda594276fbbd4
followup/acts/phase0_harvest_runA/30/labels.parquet	33880	5c6692b5d55af632683073d33dff55ec8b3fbfee66602c4409ee37b6ddc18335
followup/acts/phase0_harvest_runA/40/16.npy	11612288	d71eee2c9e0989c5a46e92149e51f154226f360977757328935fac5ef74a1975
followup/acts/phase0_harvest_runA/40/labels.parquet	33944	30e9f0daebf9cb5006b550d21b1f4fe6cb963c97b33b8c48213bbb214408f8fb
followup/acts/phase0_harvest_runA/50/16.npy	11637376	ab745282b1e0637d694241a4b858b23a6318e3cdf385747853530f5e1d4e2ac3
followup/acts/phase0_harvest_runA/50/labels.parquet	33755	1ee946199da494301407cabc24ec17e998aa479f3488cb246f393bee022030ba
followup/acts/phase0_harvest_runA/60/16.npy	11637376	3afee16f88ad3ca405e15140857e763850cb4e14a58630f3d6d0fd879a9a93c9
followup/acts/phase0_harvest_runA/60/labels.parquet	32759	1252d5915671ee4963de1257b43a452045f73faa5c8e1fa6f90f632c7a6b9894
followup/acts/phase0_harvest_runA/70/16.npy	11637376	15b7695e6cc8cb0d7794ca11e9d85a27e41d6e2dacf970f19d3a0ceeb0efb9cf
followup/acts/phase0_harvest_runA/70/labels.parquet	32851	5e9f412b74bb3d47fa3c095891c746c803340b57f4381ae147b0abce6c387859
followup/acts/phase0_harvest_runA/80/16.npy	11640960	9ca2e0c695780fa56fa4b41cf525863ae3a7ae0b814f0bf2f040c9ea9994e435
followup/acts/phase0_harvest_runA/80/labels.parquet	31173	5f9fae5caa4ef4bf423add7c9c84afece051c486ea207ddee391960ee1d84a9d
followup/acts/phase0_harvest_runA/90/16.npy	11633792	e88ad71fec5ba32f65e50b7af496bcfad47c50fe9f455b704d0e6110efec6503
followup/acts/phase0_harvest_runA/90/labels.parquet	32017	78079dbf1066117c9ec18d712f6d6e84de90011ba1a2ff304a032ed84f026cee
followup/acts/phase0_harvest_runA/99/16.npy	11640960	49ba7b9c6e1fa2459466ebb1db816fd3da40bf8a224a87faa89e859ecee9b74a
followup/acts/phase0_harvest_runA/99/labels.parquet	31155	22f60dea2f10a650481aafcb14949fcdf1c75d1bdde3e3d0a45b70343f9a04a7
followup/acts/vanilla_rloo_ladder/0/16.npy	20869760	0ee4d4ecaec4a1a9bbf9a815649bf7389ec88085d59e48129e811485ae2c33b6
followup/acts/vanilla_rloo_ladder/0/labels.parquet	56369	2b5787ee0447e7ff0fa6c36b2caf7aff8a1a67e9666390f98e4baaaba6bc5d31
followup/acts/vanilla_rloo_ladder/100/16.npy	22600832	32ee7d2cf80eef6fa7504ddc0127fbe753c61c37b7f8f4aa1de55728fe941d5c
followup/acts/vanilla_rloo_ladder/100/labels.parquet	54338	f381d52df9368ad57fd4de7503220fe5e133cdda68d24ea2158d0cbc049b579b
followup/acts/vanilla_rloo_ladder/30/16.npy	6497920	2d3d7aa4d32e408e9719d327d7fd0e7443d8900b360381fe66b4b1d9ebf09a87
followup/acts/vanilla_rloo_ladder/30/labels.parquet	31560	dec04145e9299be9ae367fbefb63a43c6e5a7a89c81b52c47f75592be5974b91
followup/acts/vanilla_rloo_ladder/60/16.npy	9225344	303ad9f649d9615424ebae729396752c097c8feebc98ebb7abd37d23d7bb0f67
followup/acts/vanilla_rloo_ladder/60/labels.parquet	34273	7f04b5185d95fc9cadaed5d2fd296da03f361eedd12a49bffb1d526dbff8b882
followup/acts/vanilla_rloo_ladder/90/16.npy	9343616	cd508a8ec30cd58e96cba6428a530737022182973cbe5b232b7c0f12c0cc5cae
followup/acts/vanilla_rloo_ladder/90/labels.parquet	34130	e38858453bb32ade215aaf701483e0ce69742735485581f6b0bdcd2053e52eb0
followup/experiments/fragility/residual_probe/probe_raw_arm_recipe.pkl	309952	53d42ef7e9c8c98de0014185009a91e331a8952e30addcf385dedd0f55e4fbf2
followup/experiments/fragility/residual_probe/probe_surface_only.pkl	1868	5149e1eb3c561b5a6b85be8d9ec3067921e77dcccaf08d9bf1313873aff566c4
followup/results/fragility/judge_lag/step_0.jsonl	566051	d72c8190a85c2e7e6e783dd6605832d0473404c38e1b5460fcc3eca29e1be5fe
followup/results/fragility/judge_lag/step_10.jsonl	567930	875bc31d928c95590fd9ddd414926b7e6ac108ef070eb81075dd4eb0f24c7150
followup/results/fragility/judge_lag/step_20.jsonl	567781	d085a5205633b0ffee379548ce1585beb7a5b7909d8b5cb6d3ea15582e8bc1f6
followup/results/fragility/judge_lag/step_30.jsonl	567305	3fcf5d711c7f60306167b93276a31b980d6af8efab77841fa8392dd093dbdf2a
followup/results/fragility/judge_lag/step_40.jsonl	563957	25ecd9c1a296b3715c8e827e17de7c3ef00f6c2f0fa86c1c37d1d4e1a81a4bb4
followup/results/fragility/judge_lag/step_50.jsonl	560361	a25f15593a19d87143df8f26644223e324376dccb9bd51d102bd9eb13d853a03
followup/results/fragility/judge_lag/step_60.jsonl	561244	5c5163df93389bee695538b3ddd47b1c8218a125e89eebcf3f499904629418d1
followup/results/fragility/judge_lag/step_70.jsonl	560706	91efb395a606f7598d98489046ff4fc928e6be7fb1e87878da48f780a1862761
followup/results/fragility/judge_lag/step_80.jsonl	560847	ec547c391e8720c057abb2721989d67a57bf96ca9a6bd4f67d9f6edb2e7dbce1
followup/results/fragility/judge_lag/step_90.jsonl	558801	93d806af1652e1aec0207b04af5907578242892cc06d91f35e27f957e2b505a9
followup/results/fragility/judge_lag/step_99.jsonl	561917	48b0ff9fb326e1088a1b6eba24746d46eb90dd63c948dce3ccebe9c9bcea87ec
